{
	"credit": "Made with Blockbench",
	"texture_size": [64, 64],
	"textures": {
		"0": "hats/froghat",
		"particle": "hats/froghat"
	},
	"elements": [
		{
			"from": [2, 0, 2],
			"to": [14, 2, 14],
			"faces": {
				"north": {"uv": [3, 5, 6, 5.5], "texture": "#0"},
				"east": {"uv": [5.5, 0, 8.5, 0.5], "texture": "#0"},
				"south": {"uv": [5.5, 0.5, 8.5, 1], "texture": "#0"},
				"west": {"uv": [5.5, 1, 8.5, 1.5], "texture": "#0"},
				"up": {"uv": [3, 3, 0, 0], "texture": "#0"},
				"down": {"uv": [3, 3, 0, 6], "texture": "#0"}
			}
		},
		{
			"from": [13.5, -3, 10],
			"to": [13.5, 0, 13],
			"faces": {
				"north": {"uv": [0, 0, 0, 0.75], "texture": "#0"},
				"east": {"uv": [1, 6, 1.75, 6.75], "texture": "#0"},
				"south": {"uv": [0, 0, 0, 0.75], "texture": "#0"},
				"west": {"uv": [1.75, 6, 2.5, 6.75], "texture": "#0"},
				"up": {"uv": [0, 0.75, 0, 0], "texture": "#0"},
				"down": {"uv": [0, 0, 0, 0.75], "texture": "#0"}
			}
		},
		{
			"from": [13.5, -3, 3],
			"to": [13.5, 0, 6],
			"faces": {
				"north": {"uv": [0, 0, 0, 0.75], "texture": "#0"},
				"east": {"uv": [2.5, 6, 3.25, 6.75], "texture": "#0"},
				"south": {"uv": [0, 0, 0, 0.75], "texture": "#0"},
				"west": {"uv": [3.25, 6, 4, 6.75], "texture": "#0"},
				"up": {"uv": [0, 0.75, 0, 0], "texture": "#0"},
				"down": {"uv": [0, 0, 0, 0.75], "texture": "#0"}
			}
		},
		{
			"from": [3, 2, 3],
			"to": [13, 4, 13],
			"faces": {
				"north": {"uv": [5.5, 1.5, 8, 2], "texture": "#0"},
				"east": {"uv": [5.5, 2, 8, 2.5], "texture": "#0"},
				"south": {"uv": [5.5, 2.5, 8, 3], "texture": "#0"},
				"west": {"uv": [3, 5.5, 5.5, 6], "texture": "#0"},
				"up": {"uv": [5.5, 2.5, 3, 0], "texture": "#0"}
			}
		},
		{
			"name": "Tongue",
			"from": [13, 2, 6],
			"to": [15, 3, 10],
			"faces": {
				"north": {"uv": [6, 5, 6.5, 5.25], "texture": "#0"},
				"east": {"uv": [1.5, 6.75, 2.5, 7], "texture": "#0"},
				"south": {"uv": [6, 5.25, 6.5, 5.5], "texture": "#0"},
				"up": {"uv": [7, 7, 6.5, 6], "texture": "#0"},
				"down": {"uv": [1.5, 6.75, 1, 7.75], "texture": "#0"}
			}
		},
		{
			"from": [7, 3, 1],
			"to": [9, 7, 5],
			"faces": {
				"north": {"uv": [6.5, 4, 7, 5], "texture": "#0"},
				"east": {"uv": [5.5, 5.5, 6.5, 6.5], "texture": "#0"},
				"south": {"uv": [6.5, 5, 7, 6], "texture": "#0"},
				"west": {"uv": [0, 6, 1, 7], "texture": "#0"},
				"up": {"uv": [6, 7.5, 5.5, 6.5], "texture": "#0"},
				"down": {"uv": [6.5, 6.5, 6, 7.5], "texture": "#0"}
			}
		},
		{
			"from": [7, 3, 11],
			"to": [9, 7, 15],
			"faces": {
				"north": {"uv": [4, 6, 4.5, 7], "texture": "#0"},
				"east": {"uv": [5.5, 3, 6.5, 4], "texture": "#0"},
				"south": {"uv": [4.5, 6, 5, 7], "texture": "#0"},
				"west": {"uv": [5.5, 4, 6.5, 5], "texture": "#0"},
				"up": {"uv": [5.5, 7, 5, 6], "texture": "#0"},
				"down": {"uv": [7, 3, 6.5, 4], "texture": "#0"}
			}
		}
	],
	"display": {
		"thirdperson_righthand": {
			"translation": [0, 4.5, 1],
			"scale": [0.55, 0.55, 0.55]
		},
		"firstperson_righthand": {
			"rotation": [0, -90, 25],
			"translation": [-1.62, 6.7, 1.13],
			"scale": [0.68, 0.68, 0.68]
		},
		"firstperson_lefthand": {
			"rotation": [0, 90, -25],
			"translation": [-1.62, 6.7, 1.13],
			"scale": [0.68, 0.68, 0.68]
		},
		"ground": {
			"translation": [0, 7.5, 0],
			"scale": [0.79, 0.79, 0.79]
		},
		"gui": {
			"rotation": [30, 225, 0],
			"translation": [0, 5, 0],
			"scale": [0.88, 0.88, 0.88]
		},
		"head": {
			"rotation": [0, 90, 0],
			"translation": [0, 13.5, 0],
			"scale": [1.44141, 1.44141, 1.44141]
		},
		"fixed": {
			"rotation": [0, 90, 0],
			"translation": [0, 4.75, 0]
		}
	}
}