{
	"credit": "Made by DenseMelon",
	"texture_size": [64, 64],
	"textures": {
		"1": "hats/melonhat",
		"particle": "hats/melonhat"
	},
	"elements": [
		{
			"from": [11.375, 2.575, 12],
			"to": [12.375, 4.575, 13],
			"rotation": {"angle": 22.5, "axis": "z", "origin": [8, 2, 12.5]},
			"faces": {
				"east": {"uv": [10.25, 6.5, 10.5, 7], "texture": "#1"},
				"south": {"uv": [10.75, 6.5, 11, 7], "texture": "#1"},
				"west": {"uv": [10, 6.25, 10.25, 6.75], "texture": "#1"},
				"up": {"uv": [4.25, 7.5, 4, 7.25], "texture": "#1"},
				"down": {"uv": [4.5, 7.25, 4.25, 7.5], "texture": "#1"}
			}
		},
		{
			"from": [6.375, 1.575, 12],
			"to": [11.375, 4.575, 13],
			"rotation": {"angle": 22.5, "axis": "z", "origin": [8, 2, 12.5]},
			"faces": {
				"north": {"uv": [8, 5.75, 9.25, 6.5], "texture": "#1"},
				"east": {"uv": [10.25, 3.75, 10.5, 4.5], "texture": "#1"},
				"south": {"uv": [8, 5.75, 9.25, 6.5], "texture": "#1"},
				"west": {"uv": [8, 4.75, 8.25, 5.5], "texture": "#1"},
				"up": {"uv": [6.75, 7.25, 5.5, 7], "texture": "#1"},
				"down": {"uv": [8.75, 5, 10, 5.25], "texture": "#1"}
			}
		},
		{
			"from": [5.375, 2.575, 12],
			"to": [6.375, 4.575, 13],
			"rotation": {"angle": 22.5, "axis": "z", "origin": [8, 2, 12.5]},
			"faces": {
				"north": {"uv": [0, 0, 0.25, 0.5], "texture": "#1"},
				"east": {"uv": [14, 7.75, 14.25, 8.25], "texture": "#1"},
				"south": {"uv": [9.5, 6.25, 9.75, 6.75], "texture": "#1"},
				"west": {"uv": [6.5, 7.25, 6.75, 7.75], "texture": "#1"},
				"up": {"uv": [9.25, 7.75, 9, 7.5], "texture": "#1"},
				"down": {"uv": [9, 7.5, 8.75, 7.75], "texture": "#1"}
			}
		},
		{
			"from": [3.75, 3, 4.75],
			"to": [5.25, 7, 11.25],
			"faces": {
				"north": {"uv": [0, 5.75, 0.5, 6.75], "texture": "#1"},
				"south": {"uv": [0.5, 5.75, 1, 6.75], "texture": "#1"},
				"west": {"uv": [3.5, 1.5, 5.25, 2.5], "texture": "#1"},
				"up": {"uv": [3.25, 7.25, 2.75, 5.5], "texture": "#1"}
			}
		},
		{
			"from": [4.75, 3, 3.75],
			"to": [11.25, 7, 5.25],
			"rotation": {"angle": 0, "axis": "y", "origin": [8, 4, 8]},
			"faces": {
				"north": {"uv": [0, 4.75, 1.75, 5.75], "texture": "#1"},
				"east": {"uv": [4.75, 6, 5.25, 7], "texture": "#1"},
				"west": {"uv": [5.25, 6, 5.75, 7], "texture": "#1"},
				"up": {"uv": [7.25, 6, 5.5, 5.5], "texture": "#1"}
			}
		},
		{
			"from": [4.75, 6.5, 4.75],
			"to": [11.25, 7.5, 11.25],
			"rotation": {"angle": 0, "axis": "y", "origin": [8, 7.5, 8]},
			"faces": {
				"north": {"uv": [5.75, 3.5, 7.5, 3.75], "texture": "#1"},
				"east": {"uv": [5.75, 3.75, 7.5, 4], "texture": "#1"},
				"south": {"uv": [5.75, 5, 7.5, 5.25], "texture": "#1"},
				"west": {"uv": [5.75, 5.25, 7.5, 5.5], "texture": "#1"},
				"up": {"uv": [1.75, 3.75, 0, 2], "texture": "#1"}
			}
		},
		{
			"from": [10.75, 3, 4.75],
			"to": [12.25, 7, 11.25],
			"faces": {
				"north": {"uv": [1, 5.75, 1.5, 6.75], "texture": "#1"},
				"east": {"uv": [0, 3.75, 1.75, 4.75], "texture": "#1"},
				"south": {"uv": [6, 0, 6.5, 1], "texture": "#1"},
				"up": {"uv": [3.75, 7.25, 3.25, 5.5], "texture": "#1"}
			}
		},
		{
			"from": [4.75, 3, 10.75],
			"to": [11.25, 7, 12.25],
			"rotation": {"angle": 0, "axis": "y", "origin": [8, 4, 8]},
			"faces": {
				"east": {"uv": [3.75, 6, 4.25, 7], "texture": "#1"},
				"south": {"uv": [3.25, 4, 5, 5], "texture": "#1"},
				"west": {"uv": [4.25, 6, 4.75, 7], "texture": "#1"},
				"up": {"uv": [5.5, 6, 3.75, 5.5], "texture": "#1"}
			}
		},
		{
			"from": [4.25, 1, 3.25],
			"to": [11.75, 3, 4.75],
			"rotation": {"angle": 0, "axis": "y", "origin": [8, 4, 8]},
			"faces": {
				"north": {"uv": [5, 4, 7, 4.5], "texture": "#1"},
				"east": {"uv": [6.25, 6, 6.75, 6.5], "texture": "#1"},
				"west": {"uv": [6.5, 0, 7, 0.5], "texture": "#1"},
				"up": {"uv": [7, 5, 5, 4.5], "texture": "#1"}
			}
		},
		{
			"from": [3.25, 1, 4.25],
			"to": [4.75, 3, 11.75],
			"rotation": {"angle": 0, "axis": "y", "origin": [8, 4, 8]},
			"faces": {
				"north": {"uv": [6.5, 0.5, 7, 1], "texture": "#1"},
				"south": {"uv": [6.5, 1, 7, 1.5], "texture": "#1"},
				"west": {"uv": [5.25, 1.5, 7.25, 2], "texture": "#1"},
				"up": {"uv": [2.25, 7.5, 1.75, 5.5], "texture": "#1"}
			}
		},
		{
			"from": [11.25, 1, 4.25],
			"to": [12.75, 3, 11.75],
			"rotation": {"angle": 0, "axis": "y", "origin": [8, 4, 8]},
			"faces": {
				"north": {"uv": [5.75, 6.5, 6.25, 7], "texture": "#1"},
				"east": {"uv": [5.25, 2, 7.25, 2.5], "texture": "#1"},
				"south": {"uv": [6.25, 6.5, 6.75, 7], "texture": "#1"},
				"up": {"uv": [2.75, 7.5, 2.25, 5.5], "texture": "#1"}
			}
		},
		{
			"from": [4.25, 1, 11.25],
			"to": [11.75, 3, 12.75],
			"rotation": {"angle": 0, "axis": "y", "origin": [8, 4, 8]},
			"faces": {
				"east": {"uv": [6, 1, 6.5, 1.5], "texture": "#1"},
				"south": {"uv": [1.75, 5, 3.75, 5.5], "texture": "#1"},
				"west": {"uv": [5.75, 6, 6.25, 6.5], "texture": "#1"},
				"up": {"uv": [5.75, 5.5, 3.75, 5], "texture": "#1"}
			}
		},
		{
			"from": [4, 0, 4],
			"to": [12, 1, 12],
			"faces": {
				"down": {"uv": [2, 0, 0, 2], "texture": "#1"}
			}
		},
		{
			"from": [11.57821, 0.61365, 3],
			"to": [14.57821, 1.61365, 13],
			"rotation": {"angle": 22.5, "axis": "z", "origin": [13.32821, 1.11365, 8]},
			"faces": {
				"north": {"uv": [0, 6.75, 0.75, 7], "texture": "#1"},
				"east": {"uv": [5.75, 2.5, 8.25, 2.75], "texture": "#1"},
				"south": {"uv": [0.75, 6.75, 1.5, 7], "texture": "#1"},
				"up": {"uv": [2.75, 2.5, 2, 0], "texture": "#1"},
				"down": {"uv": [2.5, 2.5, 1.75, 5], "texture": "#1"}
			}
		},
		{
			"from": [3.82821, 0.11365, 3],
			"to": [6.82821, 1.11365, 13],
			"rotation": {"angle": -22.5, "axis": "z", "origin": [5.07821, 7.11365, 8]},
			"faces": {
				"north": {"uv": [6.75, 6, 7.5, 6.25], "texture": "#1"},
				"south": {"uv": [6.75, 6.25, 7.5, 6.5], "texture": "#1"},
				"west": {"uv": [5.75, 2.75, 8.25, 3], "texture": "#1"},
				"up": {"uv": [3.25, 5, 2.5, 2.5], "texture": "#1"},
				"down": {"uv": [3.5, 0, 2.75, 2.5], "texture": "#1"}
			}
		},
		{
			"from": [2.95949, -1.45317, 11.24567],
			"to": [12.95949, -0.45317, 14.24567],
			"rotation": {"angle": -22.5, "axis": "x", "origin": [7.95949, 1.01537, 8]},
			"faces": {
				"east": {"uv": [0, 7, 0.75, 7.25], "texture": "#1"},
				"south": {"uv": [5.75, 3.25, 8.25, 3.5], "texture": "#1"},
				"west": {"uv": [7, 0, 7.75, 0.25], "texture": "#1"},
				"up": {"uv": [6, 0.75, 3.5, 0], "texture": "#1"},
				"down": {"uv": [6, 0.75, 3.5, 1.5], "texture": "#1"}
			}
		},
		{
			"from": [2.95949, -1.44835, 1.75234],
			"to": [12.95949, -0.44835, 4.75234],
			"rotation": {"angle": 22.5, "axis": "x", "origin": [7.95949, 1.01537, 8]},
			"faces": {
				"north": {"uv": [5.75, 3, 8.25, 3.25], "texture": "#1"},
				"east": {"uv": [6.75, 6.5, 7.5, 6.75], "texture": "#1"},
				"west": {"uv": [6.75, 6.75, 7.5, 7], "texture": "#1"},
				"up": {"uv": [5.75, 3.25, 3.25, 2.5], "texture": "#1"},
				"down": {"uv": [5.75, 3.25, 3.25, 4], "texture": "#1"}
			}
		}
	],
	"display": {
		"thirdperson_righthand": {
			"translation": [0, 3.75, 1],
			"scale": [0.55, 0.55, 0.55]
		},
		"thirdperson_lefthand": {
			"translation": [0, 4, 1],
			"scale": [0.55, 0.55, 0.55]
		},
		"firstperson_righthand": {
			"translation": [0, 6, 0]
		},
		"firstperson_lefthand": {
			"translation": [0, 5.75, 0]
		},
		"ground": {
			"translation": [0, 6, 0]
		},
		"gui": {
			"rotation": [30, 55, 0],
			"translation": [0, 4, 0],
			"scale": [0.97, 0.97, 0.97]
		},
		"head": {
			"rotation": [179, -90, -180],
			"translation": [0, 15.25, -0.25],
			"scale": [1.71, 1.71, 1.71]
		},
		"fixed": {
			"rotation": [180, -87.75, 180],
			"translation": [0, 7.75, 0],
			"scale": [1.91, 1.91, 1.91]
		}
	},
	"groups": [
		{
			"name": "Melon",
			"origin": [8, 2, 12.5],
			"color": 0,
			"children": [0, 1, 2]
		},
		{
			"name": "Top",
			"origin": [8, 4, 8],
			"color": 0,
			"children": [3, 4, 5, 6, 7]
		},
		{
			"name": "Band",
			"origin": [8, 4, 8],
			"color": 0,
			"children": [8, 9, 10, 11]
		},
		{
			"name": "Brim",
			"origin": [7.95949, 1.01537, 8],
			"color": 0,
			"children": [12, 13, 14, 15, 16]
		}
	]
}